Top pages,Clicks,Impressions,CTR,Position
https://www.kingofkingswindowcleaning.com/,865,28007,3.09%,17.85
https://www.kingofkingswindowcleaning.com/reviews/,23,2531,0.91%,6.16
https://www.kingofkingswindowcleaning.com/contact/,10,2214,0.45%,9.36
https://www.kingofkingswindowcleaning.com/solar-panel-cleaning/,10,1672,0.6%,21.84
https://www.kingofkingswindowcleaning.com/residential-window-cleaning/,6,4623,0.13%,37.96
https://www.kingofkingswindowcleaning.com/roof-cleaning/,3,5125,0.06%,53.48
https://www.kingofkingswindowcleaning.com/services/pressure-washing/,2,1420,0.14%,32.24
https://www.kingofkingswindowcleaning.com/faq/,2,248,0.81%,18.74
https://www.kingofkingswindowcleaning.com/awards/,2,103,1.94%,12.88
https://www.kingofkingswindowcleaning.com/about/,1,2576,0.04%,15.79
https://www.kingofkingswindowcleaning.com/service-area/,1,1728,0.06%,14.59
https://www.kingofkingswindowcleaning.com/solar-panel-cleaning-bellingham-why-clean-solar-panels-produce-better-results-in-the-pacific-northwest/,1,88,1.14%,9.92
https://www.kingofkingswindowcleaning.com/top-5-questions-customers-ask-about-window-washing/,1,49,2.04%,39.33
https://www.kingofkingswindowcleaning.com/window-cleaning-ferndale-wa/,1,13,7.69%,41
https://www.kingofkingswindowcleaning.com/eco-friendly-moss-removal-solutions-for-washington-state-safe-alternatives-to-harmful-chemicals/,1,9,11.11%,53.44
https://www.kingofkingswindowcleaning.com/gutter-cleaning/,0,4781,0%,57.52
https://www.kingofkingswindowcleaning.com/commercial-window-cleaning/,0,2300,0%,58.88
https://www.kingofkingswindowcleaning.com/gallery/,0,1306,0%,7.86
https://www.kingofkingswindowcleaning.com/projects/,0,1247,0%,8.98
https://www.kingofkingswindowcleaning.com/best-window-cleaning-in-bellingham-wa-why-more-homeowners-are-choosing-professional-window-washing-services/,0,585,0%,47.47
https://www.kingofkingswindowcleaning.com/moss-prevention-tips-for-bellingham-homeowners-what-to-know-this-season/,0,542,0%,42.2
https://www.kingofkingswindowcleaning.com/pressure-washing/,0,356,0%,43.19
https://www.kingofkingswindowcleaning.com/blog/,0,274,0%,43.94
https://www.kingofkingswindowcleaning.com/why-professional-window-cleaning-in-bellingham-wa-is-worth-the-investment/,0,136,0%,24.17
https://www.kingofkingswindowcleaning.com/referral-program/,0,66,0%,12.83
https://www.kingofkingswindowcleaning.com/services/,0,58,0%,12.12
https://www.kingofkingswindowcleaning.com/why-solar-panel-cleaning-in-bellingham-wa-helps-maximize-energy-production/,0,57,0%,12
https://www.kingofkingswindowcleaning.com/house-washing/,0,55,0%,58.78
https://www.kingofkingswindowcleaning.com/pricing/,0,52,0%,13.23
https://www.kingofkingswindowcleaning.com/professional-roof-cleaning-moss-removal-for-fall-winter-in-bellingham-surrounding-areas/,0,43,0%,29.26
https://www.kingofkingswindowcleaning.com/window-cleaning-bellingham-wa/,0,43,0%,48.63
https://www.kingofkingswindowcleaning.com/window-cleaning-mount-vernon-wa/,0,43,0%,49.98
https://www.kingofkingswindowcleaning.com/window-cleaning-bellingham-why-professional-window-cleaning-makes-a-bigger-difference-than-you-think/,0,40,0%,65.92
https://www.kingofkingswindowcleaning.com/winter-window-washing-why-clean-windows-matter-even-in-cold-weather/,0,34,0%,45.35
https://www.kingofkingswindowcleaning.com/pressure-washing-bellingham-restore-your-homes-exterior-with-professional-pressure-washing/,0,34,0%,69.97
https://www.kingofkingswindowcleaning.com/pressure-washing-cost-bellingham-wa/,0,28,0%,51.32
https://www.kingofkingswindowcleaning.com/how-often-should-you-clean-your-windows-a-seasonal-guide-for-northwest-wa-homeowners/,0,25,0%,17.36
https://www.kingofkingswindowcleaning.com/why-fall-is-the-best-time-for-pressure-washing-in-bellingham-surrounding-areas/,0,25,0%,20.44
https://www.kingofkingswindowcleaning.com/100-5-star-reviews-and-counting-thank-you-from-king-of-kings-window-cleaning-llc/,0,25,0%,23.8
https://www.kingofkingswindowcleaning.com/roof-cleaning-cost-bellingham-wa/,0,23,0%,46
https://www.kingofkingswindowcleaning.com/professional-window-cleaning-services-in-bellingham-surrounding-areas/,0,22,0%,11
https://www.kingofkingswindowcleaning.com/pressure-washing-slippery-driveways-walkways-winter-safety-tips-for-homeowners/,0,22,0%,12.23
https://www.kingofkingswindowcleaning.com/the-hidden-costs-of-dirty-windows-the-crystal-clear-benefits-of-professional-window-cleaning-in-bellingham-wa/,0,22,0%,55.73
https://www.kingofkingswindowcleaning.com/transform-your-home-with-full-exterior-cleaning-services/,0,21,0%,18.48
https://www.kingofkingswindowcleaning.com/moss-removal-bellingham-wa/,0,20,0%,43.15
https://www.kingofkingswindowcleaning.com/transform-your-view-with-professional-window-cleaning/,0,16,0%,14.94
https://www.kingofkingswindowcleaning.com/solar-panel-cleaning-lyman-wa/,0,16,0%,76.69
https://www.kingofkingswindowcleaning.com/randy-fee/,0,15,0%,10.4
https://www.kingofkingswindowcleaning.com/moss-removal/,0,15,0%,67.87
https://www.kingofkingswindowcleaning.com/top-5-dangers-of-clogged-gutters-every-homeowner-in-whatcom-skagit-county-should-know/,0,14,0%,15.64
https://www.kingofkingswindowcleaning.com/why-winter-window-washing-matters-in-bellingham-surrounding-areas/,0,13,0%,5.23
https://www.kingofkingswindowcleaning.com/careers/,0,13,0%,20.77
https://www.kingofkingswindowcleaning.com/metal-roof-cleaning-bellingham-wa/,0,13,0%,47.46
https://www.kingofkingswindowcleaning.com/window-cleaning-cost-bellingham-wa/,0,12,0%,24.92
https://www.kingofkingswindowcleaning.com/gutter-cleaning-oak-harbor-wa/,0,11,0%,39.18
https://www.kingofkingswindowcleaning.com/moss-removal-cost-bellingham-wa/,0,9,0%,29.33
https://www.kingofkingswindowcleaning.com/why-professional-window-cleaning-matters-for-homes-in-ferndale-wa/,0,8,0%,6.88
https://www.kingofkingswindowcleaning.com/why-pressure-washing-is-perfect-for-pacific-northwest-homes-in-sedro-woolley/,0,8,0%,9.25
https://www.kingofkingswindowcleaning.com/winter-moss-removal-roof-cleaning-why-treating-moss-now-saves-your-roof/,0,8,0%,29.62
https://www.kingofkingswindowcleaning.com/gutter-cleaning-anacortes-wa/,0,8,0%,50
https://www.kingofkingswindowcleaning.com/gutter-cleaning-cost-bellingham-wa/,0,7,0%,20.86
https://www.kingofkingswindowcleaning.com/services/commercial-power-washing/,0,7,0%,29.43
https://www.kingofkingswindowcleaning.com/roof-cleaning-bellingham-wa/,0,7,0%,29.71
https://www.kingofkingswindowcleaning.com/solar-panel-cleaning-birch-bay-wa/,0,7,0%,44.86
https://www.kingofkingswindowcleaning.com/why-roof-moss-removal-is-essential-for-homes-in-ferndale-wa-this-season/,0,6,0%,5.67
https://www.kingofkingswindowcleaning.com/why-roof-moss-removal-is-essential-for-mount-vernon-homeowners/,0,6,0%,40.17
https://www.kingofkingswindowcleaning.com/what-affects-the-cost-of-professional-window-cleaning-in-bellingham-and-surrounding-areas/,0,6,0%,58.33
https://www.kingofkingswindowcleaning.com/moss-removal-bellingham-protect-your-roof-with-professional-moss-removal-and-roof-cleaning/,0,6,0%,88
https://www.kingofkingswindowcleaning.com/the-benefits-of-professional-gutter-cleaning-in-sedro-woolley-for-year-round-protection/,0,5,0%,6.4
https://www.kingofkingswindowcleaning.com/spring-cleaning-starts-with-your-windows-why-professional-window-washing-is-essential/,0,5,0%,12
https://www.kingofkingswindowcleaning.com/the-benefits-of-professional-window-washing-for-spring-cleaning/,0,5,0%,18
https://www.kingofkingswindowcleaning.com/roof-cleaning-ferndale-wa/,0,5,0%,27.6
https://www.kingofkingswindowcleaning.com/how-moss-damages-your-roof-and-how-to-protect-it/,0,5,0%,29.6
https://www.kingofkingswindowcleaning.com/why-roof-moss-removal-is-important-for-homes-in-mount-vernon-wa/,0,5,0%,37.8
https://www.kingofkingswindowcleaning.com/gutter-cleaning-burlington-wa/,0,5,0%,55.6
https://www.kingofkingswindowcleaning.com/moss-removal-burlington-wa/,0,5,0%,73.6
https://www.kingofkingswindowcleaning.com/why-moss-grows-so-fast-in-bellingham-surrounding-areas-and-how-professional-roof-cleaning-protects-your-home/,0,4,0%,8.75
https://www.kingofkingswindowcleaning.com/professional-moss-removal-and-roof-treatment-in-bellingham-surrounding-areas/,0,4,0%,14.5
https://www.kingofkingswindowcleaning.com/solar-panel-cleaning-sedro-woolley-wa/,0,4,0%,55.5
https://www.kingofkingswindowcleaning.com/solar-panel-cleaning-bellingham-wa/,0,4,0%,66
https://www.kingofkingswindowcleaning.com/house-washing-cost-bellingham-wa/,0,4,0%,69.75
https://www.kingofkingswindowcleaning.com/eco-friendly-moss-removal-the-safe-way-to-protect-your-roof/,0,3,0%,6.33
https://www.kingofkingswindowcleaning.com/solar-panel-cleaning-oak-harbor-wa/,0,3,0%,8.33
https://www.kingofkingswindowcleaning.com/moss-removal-ferndale-wa/,0,3,0%,9
https://www.kingofkingswindowcleaning.com/wp-content/uploads/2024/11/Window-Cleaning-Company-Near-Me-in-Bellingham-WA-74-1.jpg,0,3,0%,12.33
https://www.kingofkingswindowcleaning.com/how-often-should-you-clean-your-windows-for-the-best-results-in-bellingham-surrounding-areas/,0,3,0%,17
https://www.kingofkingswindowcleaning.com/gutter-cleaning-sedro-woolley-wa/,0,3,0%,27
https://www.kingofkingswindowcleaning.com/roof-cleaning-mount-vernon-wa/,0,3,0%,31.67
https://www.kingofkingswindowcleaning.com/solar-panel-cleaning-nooksack-wa/,0,3,0%,33.33
https://www.kingofkingswindowcleaning.com/case-studies/,0,3,0%,35.33
https://www.kingofkingswindowcleaning.com/services/house-washing/,0,3,0%,41.33
https://www.kingofkingswindowcleaning.com/moss-removal-anacortes-wa/,0,3,0%,50.33
https://www.kingofkingswindowcleaning.com/roof-cleaning-lynden-wa/,0,3,0%,62
https://www.kingofkingswindowcleaning.com/top-5-reasons-to-get-your-skylights-and-glass-balustrades-cleaned-this-spring/,0,3,0%,82
https://www.kingofkingswindowcleaning.com/roof-cleaning-birch-bay-wa/,0,3,0%,88
https://www.kingofkingswindowcleaning.com/moss-removal-sudden-valley-wa/,0,3,0%,91.33
https://www.kingofkingswindowcleaning.com/wp-content/uploads/2024/11/Window-Cleaning-in-Bellingham-WA-featured-image.jpg,0,2,0%,4.5
https://www.kingofkingswindowcleaning.com/wp-content/uploads/2023/09/2025-Platinum-winner-badge.png,0,2,0%,10.5
https://www.kingofkingswindowcleaning.com/terms-of-service/,0,2,0%,12
https://www.kingofkingswindowcleaning.com/solar-panel-cleaning-ferndale-wa/,0,2,0%,18.5
https://www.kingofkingswindowcleaning.com/solar-panel-cleaning-sumas-wa/,0,2,0%,18.5
https://www.kingofkingswindowcleaning.com/solar-panel-cleaning-lynden-wa/,0,2,0%,29.5
https://www.kingofkingswindowcleaning.com/gutter-cleaning-bellingham-wa/,0,2,0%,31.5
https://www.kingofkingswindowcleaning.com/pressure-washing-mount-vernon-wa/,0,2,0%,38
https://www.kingofkingswindowcleaning.com/pressure-washing-clear-lake-wa/,0,2,0%,40
https://www.kingofkingswindowcleaning.com/the-complete-guide-to-professional-window-cleaning-in-bellingham-wa/,0,2,0%,41.5
https://www.kingofkingswindowcleaning.com/instant-quote/,0,2,0%,46
https://www.kingofkingswindowcleaning.com/why-pure-water-is-the-only-safe-way-to-clean-solar-panels/,0,2,0%,52
https://www.kingofkingswindowcleaning.com/solar-panel-cleaning-mount-vernon-wa/,0,2,0%,58.5
https://www.kingofkingswindowcleaning.com/window-cleaning-blaine-wa/,0,2,0%,80.5
https://www.kingofkingswindowcleaning.com/window-cleaning-squalicum-bellingham/,0,2,0%,84
https://www.kingofkingswindowcleaning.com/moss-removal-lyman-wa/,0,2,0%,96.5
https://www.kingofkingswindowcleaning.com/category/roof-cleaning/,0,1,0%,2
https://www.kingofkingswindowcleaning.com/pressure-washing-edison-wa/,0,1,0%,2
https://www.kingofkingswindowcleaning.com/about-us,0,1,0%,3
https://www.kingofkingswindowcleaning.com/category/window-cleaning/page/3/,0,1,0%,3
https://www.kingofkingswindowcleaning.com/wp-content/uploads/2023/09/business-rate-badge-01.png,0,1,0%,3
https://www.kingofkingswindowcleaning.com/wp-content/uploads/2024/11/Window-Cleaning-Company-Near-Me-in-Bellingham-WA-gallery-8.jpeg,0,1,0%,3
https://www.kingofkingswindowcleaning.com/gutter-cleaning-everson-wa/,0,1,0%,5
https://www.kingofkingswindowcleaning.com/trusted-partners/,0,1,0%,6
https://www.kingofkingswindowcleaning.com/window-cleaning-alger-wa/,0,1,0%,6
https://www.kingofkingswindowcleaning.com/window-cleaning-maple-falls-wa/,0,1,0%,6
https://www.kingofkingswindowcleaning.com/gutter-cleaning-maple-falls-wa/,0,1,0%,7
https://www.kingofkingswindowcleaning.com/pressure-washing-glacier-wa/,0,1,0%,7
https://www.kingofkingswindowcleaning.com/roof-cleaning-glacier-wa/,0,1,0%,7
https://www.kingofkingswindowcleaning.com/roof-cleaning-blaine-wa/,0,1,0%,9
https://www.kingofkingswindowcleaning.com/window-cleaning-downtown-burlington/,0,1,0%,10
https://www.kingofkingswindowcleaning.com/window-cleaning-glacier-wa/,0,1,0%,10
https://www.kingofkingswindowcleaning.com/category/window-cleaning/page/2/,0,1,0%,11
https://www.kingofkingswindowcleaning.com/window-cleaning-la-conner-wa/,0,1,0%,11
https://www.kingofkingswindowcleaning.com/category/gutter-cleaning/page/2/,0,1,0%,14
https://www.kingofkingswindowcleaning.com/wp-content/uploads/2020/09/King-of-Kings-Window-Cleaning-LLC-logo-final-last.png,0,1,0%,17
https://www.kingofkingswindowcleaning.com/professional-gutter-cleaning-services-in-bellingham-surrounding-areas/,0,1,0%,19
https://www.kingofkingswindowcleaning.com/professional-solar-panel-cleaning-in-bow-wa-protecting-your-solar-investment/,0,1,0%,19
https://www.kingofkingswindowcleaning.com/wp-content/uploads/2024/11/Window-Cleaning-Company-Near-Me-in-Bellingham-WA-gallery-4.jpeg,0,1,0%,23
https://www.kingofkingswindowcleaning.com/pressure-washing-lynden-wa/,0,1,0%,26
https://www.kingofkingswindowcleaning.com/roof-cleaning-burlington-wa/,0,1,0%,32
https://www.kingofkingswindowcleaning.com/window-cleaning-sumas-wa/,0,1,0%,56
https://www.kingofkingswindowcleaning.com/pressure-washing-ferndale-wa/,0,1,0%,59
https://www.kingofkingswindowcleaning.com/gutter-cleaning-ferndale-wa/,0,1,0%,62
https://www.kingofkingswindowcleaning.com/roof-cleaning-oak-harbor-wa/,0,1,0%,62
https://www.kingofkingswindowcleaning.com/does-solar-panel-cleaning-really-increase-energy-production/,0,1,0%,67
https://www.kingofkingswindowcleaning.com/window-cleaning-edgemoor-bellingham/,0,1,0%,73
https://www.kingofkingswindowcleaning.com/prepare-for-spring-showers-why-gutter-cleaning-is-a-must-before-the-rainy-season/,0,1,0%,80
https://www.kingofkingswindowcleaning.com/window-cleaning-birchwood-bellingham/,0,1,0%,81
https://www.kingofkingswindowcleaning.com/moss-removal-maple-falls-wa/,0,1,0%,85
https://www.kingofkingswindowcleaning.com/solar-panel-cleaning-la-conner-wa/,0,1,0%,89
https://www.kingofkingswindowcleaning.com/pressure-washing-burlington-wa/,0,1,0%,93
https://www.kingofkingswindowcleaning.com/window-cleaning-happy-valley-bellingham/,0,1,0%,93