Top queries,Clicks,Impressions,CTR,Position
king of kings window cleaning,245,633,38.7%,1.22
window cleaning bellingham,28,2194,1.28%,9.39
window washing bellingham,6,766,0.78%,21.68
window cleaning bellingham wa,5,638,0.78%,10.98
window cleaning near me,4,443,0.9%,4.18
king of kings window cleaning llc,4,10,40%,1.6
bellingham window cleaning,3,1635,0.18%,14.59
solar panel cleaning service near me,3,27,11.11%,26.48
king of windows,3,3,100%,1
window cleaning,2,909,0.22%,7.55
roof cleaning bellingham,2,822,0.24%,36.61
kings window cleaning,2,133,1.5%,17.97
king of kings bellingham,2,7,28.57%,2.14
gutter cleaning bellingham,1,1232,0.08%,44.81
pressure washing bellingham,1,567,0.18%,51.04
solar panel cleaning bellingham,1,523,0.19%,14.23
bellingham roof cleaning,1,287,0.35%,50.6
bellingham window cleaner,1,259,0.39%,19.93
bellingham window cleaners,1,183,0.55%,13.91
window washers near me,1,131,0.76%,6.63
cleaning window,1,97,1.03%,56.23
gutter cleaning near me,1,93,1.08%,17.11
roof cleaning near me,1,45,2.22%,18.02
kings window,1,34,2.94%,11.94
window cleaning service,1,25,4%,10.2
solar panel cleaning service,1,25,4%,11.88
window cleaning services near me,1,20,5%,10.65
pressure washing near me,1,13,7.69%,50
window washing companies,1,8,12.5%,15.62
window cleaning companies near me,1,4,25%,3
window cleaning business,1,3,33.33%,2
window track cleaning,1,3,33.33%,5
king of kings power washing,1,3,33.33%,27.33
gutter cleaning services,1,1,100%,1
mint window cleaning,1,1,100%,1
window blind cleaning service near me,1,1,100%,1
window cleaners near me prices,1,1,100%,1
window cleaning near me residential,1,1,100%,1
driveway cleaning near me,1,1,100%,14
bellingham gutter cleaning,0,768,0%,52.57
bellingham solar panel cleaning,0,512,0%,15.92
high rise window cleaning bellingham,0,436,0%,23.81
roof moss removal bellingham,0,432,0%,56.79
bellingham roof moss removal,0,396,0%,53.94
bellingham window washing,0,391,0%,28.97
window washers bellingham wa,0,379,0%,13.65
windows bellingham,0,370,0%,72.82
window cleaning reading,0,361,0%,3.85
gutter cleaning bellingham wa,0,358,0%,58.78
bellingham moss control,0,341,0%,58.23
bellingham window cleaning services,0,312,0%,13.93
moss removal bellingham,0,302,0%,61.45
window cleaning services bellingham,0,279,0%,12.35
window cleaner bellingham,0,265,0%,15.22
window cleaning washington,0,246,0%,60.8
• commercial window cleaning bellingham,0,221,0%,20.47
exterior cleaning bellingham,0,218,0%,16.71
roof cleaning services bellingham,0,218,0%,60.23
bellingham moss removal,0,213,0%,64.85
• window cleaning residential bellingham,0,206,0%,13.88
bellingham roof cleaner,0,201,0%,62.07
window washing,0,178,0%,6.23
king window cleaning,0,176,0%,28.6
bellingham pressure washing,0,175,0%,43.84
bellingham window washing services,0,166,0%,17.37
windows cleaning,0,166,0%,38.62
bellingham roof cleaning services,0,163,0%,60.13
pressure washing bellingham wa,0,161,0%,34.1
gutter cleaning service bellingham,0,160,0%,60.64
window washing services bellingham,0,152,0%,12.67
roof cleaner bellingham,0,150,0%,66.3
window cleaner,0,147,0%,5.48
bellingham gutter cleaning service,0,145,0%,63.38
gutter cleaning company bellingham wa,0,140,0%,61.25
gutter cleaning king county,0,135,0%,38.81
bellingham gutter cleaning near me,0,133,0%,46.59
gutter cleaner bellingham,0,129,0%,74.42
mt baker window cleaning,0,125,0%,59.5
residential window cleaning,0,121,0%,6.69
window cleaning services,0,120,0%,5.1
window cleaning company,0,120,0%,7.44
gutter cleaning,0,116,0%,2.77
bellingham gutter cleaner,0,114,0%,68.28
window cleaning service bellingham wa,0,112,0%,12.12
roof cleaning services in bellingham,0,109,0%,60.77
roof cleaning bellingham wa,0,107,0%,47.64
residential window cleaning services,0,105,0%,2.45
roof cleaning services expert,0,101,0%,18.1
solar panel cleaning near me,0,94,0%,16.85
gutter guards bellingham,0,93,0%,84.39
window cleaning kings valley,0,91,0%,34.47
window washing bellingham wa,0,89,0%,6.21
bellingham gutter guards,0,89,0%,78.85
window washing near me,0,87,0%,6.33
gutter king king county,0,87,0%,42.82
solar panel cleaning newcastle,0,87,0%,48.52
window cleaning services bellingham wa,0,86,0%,9.9
exterior window cleaning,0,84,0%,4.56
window cleaners near me,0,84,0%,9.98
bellingham roof and gutter cleaning,0,82,0%,47.82
window washing service bellingham wa,0,80,0%,15.65
bellingham commercial office cleaning,0,80,0%,79.12
window clean,0,77,0%,45.78
moss control bellingham,0,72,0%,64.33
bellingham window cleaning service,0,71,0%,11.61
window washing company bellingham wa,0,71,0%,16.96
window cleaning service bellingham,0,68,0%,9.5
window cleaning companies bellingham wa,0,68,0%,16.25
roof cleaning service bellingham,0,66,0%,48.23
professional window cleaning services,0,65,0%,5.43
window washing companies bellingham wa,0,65,0%,15.37
window cleaning mill creek,0,65,0%,77.22
bellingham gutter cleaning services,0,64,0%,52.11
gutter cleaning services bellingham,0,63,0%,48.11
roof and gutter cleaning bellingham,0,63,0%,69.14
bellingham gutters,0,63,0%,84.4
window washing services bellingham wa,0,62,0%,11.42
window cleaning company bellingham wa,0,62,0%,14.65
bellingham roof cleaning service,0,61,0%,45.79
window services,0,60,0%,1.52
window cleaners bellingham,0,58,0%,10.24
professional window cleaning,0,55,0%,11.22
business cleaning bellingham,0,55,0%,90.87
windows bellingham wa,0,54,0%,75.81
solar panel cleaning,0,53,0%,24.36
[gutter cleaning bellingham],0,51,0%,1.73
[window cleaning],0,50,0%,1
window cleaning sammamish,0,49,0%,81.14
best window cleaner,0,48,0%,4.56
window cleaning moss,0,48,0%,69.83
commercial office cleaning bellingham,0,47,0%,70.06
kitchen windows bellingham wa,0,47,0%,73.34
bellingham gutter company,0,47,0%,92.04
interior window cleaning,0,46,0%,3.24
commercial window washing near me,0,46,0%,3.33
roof moss prevention bellingham,0,46,0%,34.85
whatcom moss control,0,46,0%,60.76
[exterior cleaning],0,45,0%,1
gutter king mountlake terrace,0,45,0%,45.78
roof cleaning service tacoma,0,43,0%,80.47
bellingham windows,0,43,0%,82.65
pressure washing services near me,0,42,0%,26.48
roof moss treatment bellingham,0,42,0%,48.74
roof algae removal bellingham,0,42,0%,54.95
bellingham commercial cleaners,0,42,0%,93.26
window cleaning company near me,0,41,0%,4.41
home window cleaning,0,40,0%,2.65
the kings window,0,40,0%,9.35
professional window cleaning service,0,40,0%,12.32
whatcom seamless gutters,0,40,0%,78.95
roofing debris removal bellingham,0,39,0%,23.05
bellingham business cleaning service,0,39,0%,93.46
[gutter cleaning],0,38,0%,1
• green cleaning products bellingham cleaners,0,37,0%,23.43
glass cleaner,0,36,0%,5.58
solar panel cleaning services near me,0,36,0%,7.75
window companies bellingham wa,0,36,0%,79.92
bellingham business cleaning,0,36,0%,94.06
gutter company bellingham,0,35,0%,87.23
window washer,0,34,0%,13.85
cleaning windows,0,34,0%,18.79
gutter cleaning kings park,0,34,0%,59.71
roof cleaning medford,0,34,0%,79.56
gutter cleaning kings beach,0,33,0%,72.12
house windows bellingham wa,0,33,0%,77.64
bellingham commercial cleaning services,0,33,0%,95.7
moss control whatcom,0,32,0%,55.84
solar panel cleaning company near me,0,31,0%,6.65
best window cleaning in bellingham,0,31,0%,9.1
commercial window cleaning,0,30,0%,31.5
mr k's window cleaning,0,29,0%,50.34
solar panel cleaning tri-cities,0,29,0%,68.34
king gutters,0,28,0%,66.93
bellingham window contractors,0,28,0%,94.86
• recurring home cleaning service bellingham,0,27,0%,26.19
window cleaning kings park,0,27,0%,36.37
window company bellingham wa,0,27,0%,82.59
• best cleaning service in whatcom county,0,26,0%,21.77
lynden window cleaning,0,26,0%,90.19
window cleaning companies,0,25,0%,4.84
house washing bellingham,0,25,0%,49.88
gutter cleaning kingvale,0,25,0%,64.44
window cleaning company sammamish,0,25,0%,86.04
window cleaning services perkins,0,24,0%,14.33
kings window cleaning reviews,0,24,0%,15.96
canyon lake gutter cleaning,0,24,0%,68.62
window cleaning in reading,0,23,0%,22.3
moss control service bellingham,0,23,0%,43.57
mt baker window cleaning co,0,23,0%,53.52
bellingham business cleaning services,0,23,0%,97.09
cladding cleaning bellingham,0,22,0%,20.23
whatcom window washers,0,22,0%,33.64
perkins window cleaning,0,21,0%,19.71
green roof and gutter cleaning bellingham,0,21,0%,46.05
window cleaning buckingham,0,21,0%,48.95
kings windows,0,21,0%,52.19
window cleaning king farm,0,21,0%,57.52
commercial cleaners bellingham,0,21,0%,96.48
window washer near me,0,20,0%,7.1
bellingham soft washing,0,20,0%,45.55
high quality windows bellingham,0,20,0%,45.9
washington window cleaning,0,20,0%,46.3
window cleaning kingston,0,20,0%,68.2
deep cleaning bellingham wa,0,20,0%,81.9
gutters bellingham wa,0,20,0%,84.9
gutter cleaner kingston,0,20,0%,91.35
window cleaner near me,0,19,0%,4
window cleaning service near me,0,19,0%,5.95
the king gutter cleaners,0,19,0%,26.32
seamless gutters whatcom,0,19,0%,72.63
window contractor bellingham wa,0,19,0%,73.05
business cleaning service bellingham,0,19,0%,87
pressure washing,0,18,0%,22
kings clean and cut services,0,18,0%,46.17
king roof care,0,18,0%,58.44
roof cleaning,0,17,0%,31.59
"the king gutter cleaners near bellevue, wa",0,17,0%,55.88
roof cleaning kingsbridge,0,17,0%,75.76
gutter kings,0,17,0%,79.12
bellingham professional office cleaning,0,17,0%,96.35
interior window washing,0,16,0%,13.12
roof cleaning services,0,16,0%,22.75
• post-construction cleaning bellingham,0,16,0%,37.25
the window king,0,16,0%,48.31
exterior house cleaning bellingham,0,16,0%,76.75
gutter maintenance bellingham,0,16,0%,81.94
window cleaners,0,15,0%,6.8
window washers,0,15,0%,12.73
power washing bellingham,0,15,0%,41.73
bellingham performance windows,0,15,0%,43.93
glass cleaners near me,0,14,0%,7.64
window washing perkins,0,14,0%,21
soft washing bellingham,0,14,0%,39.29
kings of clean,0,14,0%,51.29
roof cleaning yelm,0,14,0%,60.43
collin window cleaning,0,14,0%,70.36
home windows bellingham wa,0,14,0%,87.64
window washing in bellingham,0,13,0%,5.46
moss removal,0,13,0%,7.23
window cleaning perkins,0,13,0%,22.69
window king window cleaning,0,13,0%,22.69
bellingham window installation,0,13,0%,34.77
king of clean services,0,13,0%,46.77
king's window cleaning,0,13,0%,50.15
roof moss removal bellingham wa,0,13,0%,57.85
cleaning bellingham wa,0,13,0%,70.15
roof cleaning elkins,0,13,0%,84
bellingham roof maintenance,0,13,0%,86.69
house cleaning near me,0,12,0%,1
kings hydro clean,0,12,0%,8
solar panel cleaning services,0,12,0%,10.17
window cleaning mount vernon,0,12,0%,10.92
glass stain removal,0,12,0%,12.42
sparkle clean bellingham,0,12,0%,37.58
mt baker window cleaning reviews,0,12,0%,38.08
bellingham high quality windows,0,12,0%,38.92
combination windows bellingham wa,0,12,0%,43.08
bellingham window replacement,0,12,0%,53.58
green roof and gutter cleaning,0,12,0%,66.42
roof cleaning tacoma wa,0,12,0%,78.92
gutter company whatcom,0,12,0%,83.83
bellingham office cleaning,0,12,0%,94.58
window glass cleaning,0,11,0%,2.27
roof washing service,0,11,0%,49
window manufacturers bellingham wa,0,11,0%,69.18
gutter repair bellingham wa,0,11,0%,69.55
gutter cleaning kingsbridge,0,11,0%,70.91
window replacement service bellingham wa,0,11,0%,75
gutter company bellingham wa,0,11,0%,77.55
luxury windows bellingham,0,11,0%,83
apartment cleaning bellingham wa,0,11,0%,97
local guide program,0,10,0%,1
outdoor window cleaner,0,10,0%,5.1
window washers near me residential,0,10,0%,5.6
site:http://kingofkingswindowcleaning.com,0,10,0%,6
window cleaning around washington,0,10,0%,6.9
kings hydroclean pressure washing,0,10,0%,7.2
solar panel cleaning company,0,10,0%,9.7
different kinds of tint,0,10,0%,10
windowcleaning,0,10,0%,14.3
affordable pressure washing ferndale wa,0,10,0%,27.9
roof washing services,0,10,0%,37.7
window cleaning invoicing software,0,10,0%,41
margaret's window cleaning,0,10,0%,46.3
solar panel cleaning rockingham,0,10,0%,61.2
performance windows bellingham,0,10,0%,69.4
solar panel cleaning granite bay,0,10,0%,69.8
gutter cleaning reading,0,10,0%,70.8
fence cleaning bellingham,0,10,0%,71.2
roof cleaning companies lakewood wa,0,10,0%,72.8
cleaning services bellingham wa,0,10,0%,82.9
window cleaning golfview estates,0,10,0%,83.4
pressure washing service bellingham,0,10,0%,95.5
window washing services near me,0,9,0%,4.22
services window cleaning,0,9,0%,5.44
no kings bellingham wa,0,9,0%,10.89
• how to find good cleaner bellingham,0,9,0%,11
• cleaning services bellingham wa,0,9,0%,29.89
roof cleaning granite falls wa,0,9,0%,39.11
[mount baker window cleaning],0,9,0%,39.89
commercial pressure washing bellingham,0,9,0%,40.56
[mt. baker window cleaning],0,9,0%,42.22
viking window cleaning,0,9,0%,43.67
mr k window cleaning,0,9,0%,65
gutter cleaners bellingham wa,0,9,0%,67.78
window cleaning everett,0,9,0%,74.78
window cleaning canyon lake,0,9,0%,81
window king,0,8,0%,2.62
king's window,0,8,0%,9.5
different kinds of window tint,0,8,0%,18.5
"the king gutter cleaners near auburn, wa",0,8,0%,59.25
walls and windows bellingham,0,8,0%,61.5
roof and window cleaning,0,8,0%,75.25
roof cleaning cost medford,0,8,0%,80.12
bellingham office cleaners,0,8,0%,83.5
professional window washing,0,7,0%,1
window replacement,0,7,0%,1
solar panel cleaners near me,0,7,0%,7.29
window cleaners near me residential,0,7,0%,7.57
residential pressure washing services,0,7,0%,35.29
[mt baker window cleaning co],0,7,0%,39.43
kore window cleaning,0,7,0%,48.86
gutter guards bellingham wa,0,7,0%,49.57
bellingham window and gutter cleaning,0,7,0%,50
roof cleaners yelm,0,7,0%,56.43
baker window cleaning,0,7,0%,63.86
gutter cleaner bellingham wa,0,7,0%,65.14
roof cleaning granite bay,0,7,0%,70.29
window cleaner reading,0,7,0%,72.29
affordable window cleaning north creek wa,0,7,0%,79.57
roof cleaning in reading pa,0,7,0%,81
roof cleaning tacoma,0,7,0%,84
roof cleaning salcombe,0,7,0%,85.57
lawn moss control bellingham,0,7,0%,87.71
window cleaning wa,0,7,0%,88.43
solar panel cleaning redmond,0,7,0%,92.86
residential exterior cleaning services,0,6,0%,1
windows,0,6,0%,3
cleaning windows near me,0,6,0%,5.5
sparkle window cleaning,0,6,0%,9.17
window washing companies near me,0,6,0%,9.5
ferndale moss control,0,6,0%,10.33
does window cleaning include partitions skylights or glass railings too,0,6,0%,18
window cleaning services washington,0,6,0%,20.17
exterior cleaning,0,6,0%,20.33
window cleaning company washington,0,6,0%,23.5
• emergency cleaning services bellingham,0,6,0%,24.33
window washing services,0,6,0%,26.83
window cleaning mission,0,6,0%,27.67
pressure kings,0,6,0%,30
washington window washing,0,6,0%,30
house washing company,0,6,0%,32.17
mount baker window cleaning,0,6,0%,33.17
[mt baker windows],0,6,0%,36.5
• one-time cleaning service bellingham,0,6,0%,37.67
kings clean & cut services,0,6,0%,39.83
how to grow a window cleaning business,0,6,0%,41
• commercial cleaning bellingham,0,6,0%,41
window washing in the winter,0,6,0%,48.5
moss removal near me,0,6,0%,51.33
king’s window cleaning,0,6,0%,51.83
bellingham window shutters,0,6,0%,60.67
roof cleaning shoreline wa,0,6,0%,67.5
gutter cleaning services karns,0,6,0%,76
mt. baker window cleaning co,0,6,0%,78.33
roof cleaning companies tacoma wa,0,6,0%,80.83
window cleaning dundalk,0,6,0%,82
window cleaning company woodinville,0,6,0%,83.17
moss removal roof maintenance,0,6,0%,88
bellingham pressure washing services,0,6,0%,91
commercial window cleaning kings park,0,6,0%,94.5
office cleaning bellingham,0,6,0%,100.5
home window washing,0,5,0%,1
sparkle window cleaner,0,5,0%,2.6
window washers near me residential prices,0,5,0%,5.6
window blind cleaning near me,0,5,0%,6.4
window.cleaning near me,0,5,0%,6.6
best window cleaner for house,0,5,0%,8
glass cleaning near me,0,5,0%,8.2
solar panel.cleaning near me,0,5,0%,9.8
windows near me,0,5,0%,10.6
window washing maple ridge,0,5,0%,11.4
window washing burlington,0,5,0%,11.6
clean kings window cleaning,0,5,0%,11.8
gutter cleaning service,0,5,0%,14.6
house washing,0,5,0%,17
perkins window washing,0,5,0%,25
"driveway pressure washing bellingham,pressure washing",0,5,0%,31
exterior cleaning near me,0,5,0%,31.2
exterior cleaning company,0,5,0%,36.6
window shutters in bellingham,0,5,0%,37
window kings cleaning services,0,5,0%,39
invoicing tools for window cleaners,0,5,0%,41
window washing cost,0,5,0%,41
bellingham luxury windows,0,5,0%,42.6
wa gutter cleaning,0,5,0%,50
steam cleaning ferndale wa,0,5,0%,50.8
window cleaners washington,0,5,0%,60.4
king city window cleaning,0,5,0%,61.6
window contractors in bellingham,0,5,0%,67
ks window cleaning,0,5,0%,72.8
window cleaning klamath falls,0,5,0%,74.2
roof cleaning mill creek,0,5,0%,75.4
window cleaning eatonville,0,5,0%,81.2
bellingham rain gutters,0,5,0%,81.8
bellingham window films,0,5,0%,81.8
gutters whatcom,0,5,0%,82.8
professional window cleaner sammamish,0,5,0%,84.2
winter park window cleaning,0,5,0%,85.8
roof cleaning harvest bluff,0,5,0%,87.8
brick cleaning bellingham,0,5,0%,88.4
roof cleaning rockingham,0,5,0%,92.4
window cleaning services sammamish,0,5,0%,93.6
gutter cleaning brixham,0,5,0%,95
bellingham office cleaning companies,0,5,0%,95.4
bellingham office cleaners bellingham,0,5,0%,98.2
exterior window cleaner,0,4,0%,2
outside windows cleaning,0,4,0%,2.5
best window cleaners near me,0,4,0%,5.5
king of kings,0,4,0%,5.5
window cleaners in my area,0,4,0%,6.25
the king's window,0,4,0%,10.25
clean windows,0,4,0%,11
pressure washing deals near me,0,4,0%,11
on the glass window cleaning,0,4,0%,11.5
knight window cleaning,0,4,0%,18.75
wash window,0,4,0%,19.75
kings window services,0,4,0%,20.25
inside window cleaning,0,4,0%,21
window privacy film,0,4,0%,23.5
pressure washing services,0,4,0%,26.25
driveway cleaning bellingham,0,4,0%,28.75
home window cleaning service,0,4,0%,31
gutter cleaning company anacortes wa,0,4,0%,41
roof cleaning services bull creek,0,4,0%,50.5
solar panel cleaning yakima,0,4,0%,52.5
bellingham residential window tinting,0,4,0%,53.25
gutter cleaning three kings,0,4,0%,59.25
kings roof cleaning,0,4,0%,59.75
bellingham window film,0,4,0%,68.25
roof cleaning lakewood wa,0,4,0%,73.5
solar panel cleaning birch,0,4,0%,75.5
window cleaning services woodinville,0,4,0%,76.25
gutter cleaning companies karns,0,4,0%,77
kirks window cleaning,0,4,0%,77.75
remove roof moss woodinville,0,4,0%,84.75
solar panel cleaning rockingham county,0,4,0%,86.75
window cleaning drake,0,4,0%,87.25
remove roof moss everett,0,4,0%,90.75
commercial window cleaning reading,0,4,0%,92.75
gutter cleaning companies kingston,0,4,0%,93
window cleaner sammamish,0,4,0%,93.5
windo washing,0,3,0%,1
window services near me,0,3,0%,1
window washing cleaning,0,3,0%,1
windows washing,0,3,0%,1
glass cleaning,0,3,0%,1.33
king windows,0,3,0%,1.67
cleaning services window,0,3,0%,2
outdoor window cleaning,0,3,0%,2
house window cleaner,0,3,0%,2.33
king of clean,0,3,0%,2.67
indoor window cleaner,0,3,0%,3
window screen cleaning,0,3,0%,3
window,0,3,0%,3.33
window and gutter cleaning,0,3,0%,4
best window cleaning near me,0,3,0%,4.33
best window washing near me,0,3,0%,4.33
who cleans solar panels near me,0,3,0%,4.33
kings windows and services,0,3,0%,4.67
solar panel cleaners,0,3,0%,4.67
window washing equipment,0,3,0%,4.67
equipment for window cleaning,0,3,0%,5.33
window cleaner outside,0,3,0%,5.33
outside window cleaning,0,3,0%,6
moss treatment,0,3,0%,6.33
kings hydro clean pressure washing,0,3,0%,6.67
residential window washers near me,0,3,0%,7
window cleaning solution,0,3,0%,8.33
window washers near me within 5 mi,0,3,0%,8.33
clean windows professionally,0,3,0%,9.67
residential window cleaning near me,0,3,0%,10
roof cleaners near me,0,3,0%,10
pressure washing service near me,0,3,0%,10.33
kings window cleaning services,0,3,0%,11
roboclean window cleaner,0,3,0%,11.33
cold creek window cleaning,0,3,0%,12
roof and gutter cleaning near me,0,3,0%,12
cleaning windows professionally,0,3,0%,12.67
roof and window cleaning near me,0,3,0%,13.67
storefront window cleaning,0,3,0%,14.33
window washing service,0,3,0%,14.33
margaret's window cleaning bellingham,0,3,0%,20.67
pressure washing chemicals,0,3,0%,21
kings pressure washing,0,3,0%,23
margaret's windows bellingham,0,3,0%,25.33
kings clean and cut services reviews,0,3,0%,27
exterior cleaning services,0,3,0%,27.67
roof cleaning anacortes,0,3,0%,28.33
window replacement bellingham wa,0,3,0%,28.33
solar panel cleaning richland wa,0,3,0%,38.67
window cleaning frequency seattle,0,3,0%,40
shutters in bellingham,0,3,0%,41
king's pressure washing,0,3,0%,41.33
solar panel cleaning washington state,0,3,0%,42
oak harbor gutter cleaning near me,0,3,0%,44.67
solar panel cleaning washington,0,3,0%,49
reading window cleaners,0,3,0%,49.33
window cleaning anacortes,0,3,0%,49.33
window cleaning cliff-canon,0,3,0%,51
window repair bellingham,0,3,0%,51
northwest window cleaning,0,3,0%,53
window cleaning edgewood,0,3,0%,56.67
window cleaner in reading,0,3,0%,61
modern windows bellingham,0,3,0%,61.67
do window cleaners work in the winter,0,3,0%,65.33
gutter cleaning tulalip,0,3,0%,65.33
roof cleaning in washington,0,3,0%,66.67
power washing near me,0,3,0%,67.67
commercial window cleaning washington,0,3,0%,69
kennedy window cleaning,0,3,0%,69
pressure washing mount vernon wa,0,3,0%,71.33
gutter cleaning march,0,3,0%,73.33
roof cleaning edgewood park,0,3,0%,73.67
window cleaning granite bay,0,3,0%,75.67
window cleaning green bluff,0,3,0%,76.33
gutter cleaning thurston,0,3,0%,79.33
window washing gresham or,0,3,0%,81
cleaners bellingham,0,3,0%,82.33
window cleaning sams creek,0,3,0%,83.33
cleaning windows in the winter,0,3,0%,84.67
roof moss cleaning maple valley wa,0,3,0%,87.67
"commercial window cleaners in port angeles, wa",0,3,0%,89.67
bellingham commercial janitorial services,0,3,0%,92
bellingham gutter repair near me,0,3,0%,92
tile & grout cleaning bellingham wa,0,3,0%,93
window contractors bellingham,0,3,0%,93.67
home cleaning bellingham,0,3,0%,94.67
bellingham gutter installation near me,0,3,0%,96
gutter cleaning services kingston,0,3,0%,96
gutter cleaning sulky,0,3,0%,96.33
best window washer near me,0,2,0%,1
cleaning services in bellingham wa,0,2,0%,1
commercial window cleaners,0,2,0%,1
commercial window cleaning companies near me,0,2,0%,1
residential window replacement,0,2,0%,1
residential window washing near me,0,2,0%,1
window cleanin,0,2,0%,1
window cleaning home,0,2,0%,1
window-cleaning,0,2,0%,1
windowing cleaning,0,2,0%,1
windows cleaners,0,2,0%,1
king window,0,2,0%,1.5
outdoor window cleaners,0,2,0%,1.5
commercial window cleaning mount washington,0,2,0%,2
cleaning outside of house,0,2,0%,4
deck cleaner,0,2,0%,4.5
easy window cleaning,0,2,0%,4.5
window cleaning kings lynn,0,2,0%,5
downspout,0,2,0%,5.5
solar cleaning near me,0,2,0%,5.5
"""window cleaning""",0,2,0%,7
window screen washer,0,2,0%,7.5
window.cleaners near me,0,2,0%,7.5
awning cleaner,0,2,0%,8
bathroom window cleaning,0,2,0%,8
kings,0,2,0%,8
solar pannel cleaning,0,2,0%,8
residential window cleaners near me,0,2,0%,8.5
window cleaning business near me,0,2,0%,8.5
windows washing near me,0,2,0%,8.5
glass cleaner near me,0,2,0%,9
professional window cleaning near me,0,2,0%,9
kings windows reviews,0,2,0%,9.5
kings janitorial services,0,2,0%,10
bellingham wa no kings,0,2,0%,10.5
gutter companies near me,0,2,0%,10.5
window cleaning suppliers near me,0,2,0%,10.5
awning cleaning,0,2,0%,11
cleaning services near me,0,2,0%,11
roof and solar panel cleaning near me,0,2,0%,11
window cleaning audubon square,0,2,0%,11
expert window cleaning,0,2,0%,11.5
pressure washing companies near me,0,2,0%,12
windshield cleaner near me,0,2,0%,12
the window cleaner,0,2,0%,13.5
window cleaning company perkins,0,2,0%,14.5
whidbey island solar panel cleaning,0,2,0%,15
cleaning window cleaning,0,2,0%,15.5
• clean house near me bellingham,0,2,0%,21
best time to wash windows seattle,0,2,0%,23.5
king's window services llc north richland hills reviews,0,2,0%,27.5
king's window cleaning reviews,0,2,0%,28
gutter installation bellingham,0,2,0%,30
king clean windows,0,2,0%,32.5
• common area cleaning bellingham,0,2,0%,37
reading window cleaning,0,2,0%,39.5
plantation shutter in bellingham,0,2,0%,41
pro window cleaning,0,2,0%,41
roof cleanup,0,2,0%,41
window washers residential near me,0,2,0%,41
[mt baker window cleaning],0,2,0%,42
exterior cleaning king county,0,2,0%,42
skylight cleaning near me,0,2,0%,43
the window king reviews,0,2,0%,43.5
king pressure washing,0,2,0%,45
roof moss removal sedro woolley wa,0,2,0%,45
window cleaning burlington,0,2,0%,45.5
solar panels soap lake,0,2,0%,46.5
window and gutter cleaning near me kingston wa,0,2,0%,47
bellingham real estate cleaning,0,2,0%,48.5
car wash king bellingham,0,2,0%,49.5
wa window cleaning,0,2,0%,50.5
real estate cleaning bellingham,0,2,0%,51.5
window wash,0,2,0%,52.5
atta boy bellingham,0,2,0%,54.5
gutter cleaning mill creek,0,2,0%,55
window cleaner rhyl,0,2,0%,55
window king of saratoga,0,2,0%,55
kings of dirt,0,2,0%,57
local pressure washing companies,0,2,0%,58
perks window cleaning,0,2,0%,58
window washing sleepy hollow,0,2,0%,58.5
pressure washing king,0,2,0%,59.5
roof washing yelm,0,2,0%,60
kings windows and doors,0,2,0%,61
baker windows,0,2,0%,61.5
gutter cleaning services reading,0,2,0%,63.5
roof cleaning robinvale,0,2,0%,64
gutter cleaning anacortes wa,0,2,0%,67.5
king's window services,0,2,0%,68
gutter cleaning kingsley,0,2,0%,69
residential window washing ok,0,2,0%,70
window cleaners reading,0,2,0%,70
window cleaners in reading,0,2,0%,70.5
winter park roof cleaning,0,2,0%,70.5
geelong window cleaning,0,2,0%,71
window cleaners high wycombe,0,2,0%,71
window cleaning norfolk,0,2,0%,72
baker window,0,2,0%,72.5
gutter cleaning king farm,0,2,0%,72.5
bellingham skylights,0,2,0%,73
victoria roof cleaning,0,2,0%,77.5
norwalk window cleaning,0,2,0%,78
solar panel cleaning queen creek,0,2,0%,78
roof cleaning tavistock,0,2,0%,79
roof cleaning whidbey island,0,2,0%,82.5
window cleaning dawsonville,0,2,0%,83.5
commercial window washing companies near me,0,2,0%,84
tilt turn windows bellingham,0,2,0%,84.5
a king's window cleaning,0,2,0%,87
kings window pros,0,2,0%,87
gutter cleaning colfax,0,2,0%,87.5
cedar shake roof cleaning medford,0,2,0%,88
gutter washing mount eden,0,2,0%,89
how to clean windows in the winter,0,2,0%,89
window cleaning englewood,0,2,0%,89.5
window cleaning cresthaven,0,2,0%,90
gutter cleaning kew,0,2,0%,91
roof washing south bay,0,2,0%,91.5
window cleaning elkins,0,2,0%,91.5
gutter cleaning mount roskill,0,2,0%,92.5
solar panel cleaning medford,0,2,0%,92.5
window washing and gutter cleaning,0,2,0%,93
gutter cleaning golden valley,0,2,0%,94.5
king gutter cleaning,0,2,0%,94.5
gutter cleaning victoria,0,2,0%,95
pressure washing services bellingham,0,2,0%,96
commercial building window cleaning services near me,0,2,0%,98
gutter cleaning kings valley,0,2,0%,98
business cleaning services bellingham,0,2,0%,98.5
"""window washing""",0,1,0%,1
affordable window cleaning,0,1,0%,1
bank cleaning services,0,1,0%,1
beach access near me now,0,1,0%,1
bellingham commercial window tinting,0,1,0%,1
best window cleaning service near me,0,1,0%,1
businesses near me,0,1,0%,1
clean king,0,1,0%,1
clean kings,0,1,0%,1
clean window cleaning,0,1,0%,1
cleaning companies hiring,0,1,0%,1
cleaning gutters,0,1,0%,1
commercial window washing,0,1,0%,1
cool places in bellingham,0,1,0%,1
deck cleaning near me,0,1,0%,1
deck glass cleaning,0,1,0%,1
door to door cleaning services,0,1,0%,1
driveway cleaning,0,1,0%,1
gutter installation bellingham wa,0,1,0%,1
house window washing,0,1,0%,1
interior window cleaning near me,0,1,0%,1
king door,0,1,0%,1
king of kings window washing,0,1,0%,1
kingofking,0,1,0%,1
kings of cleaning services,0,1,0%,1
leaky window repair,0,1,0%,1
lichen removal,0,1,0%,1
local window cleaner,0,1,0%,1
local window cleaning services,0,1,0%,1
ok,0,1,0%,1
online estimates gutter cleaning near me,0,1,0%,1
online estimates pressure washing near me,0,1,0%,1
outdoor window cleaner near me,0,1,0%,1
pacific northwest pressure washing llc reviews,0,1,0%,1
pressure washing service,0,1,0%,1
pressure-washing,0,1,0%,1
rb window cleaning,0,1,0%,1
real estate clean outs,0,1,0%,1
replacement windows bellingham wa,0,1,0%,1
residential window cleaning services near me,0,1,0%,1
residential window washers,0,1,0%,1
steve kjarmo window cleaning,0,1,0%,1
top rated businesses near me,0,1,0%,1
wash kings,0,1,0%,1
window and roof cleaning near me,0,1,0%,1
window and screen cleaning,0,1,0%,1
window and screen cleaning near me,0,1,0%,1
window cleaner glass,0,1,0%,1
window cleaner sturt,0,1,0%,1
window cleaning abbotsford,0,1,0%,1
window cleaning and gutters near me,0,1,0%,1
window cleaning burlington wa,0,1,0%,1
window cleaning equipment near me nearby,0,1,0%,1
window cleaning for residential,0,1,0%,1
window cleaning near,0,1,0%,1
window cleaning near me post falls,0,1,0%,1
window cleaning service 98233,0,1,0%,1
window cleaning specials near me,0,1,0%,1
window cleaning washington dc,0,1,0%,1
window commercial cleaning,0,1,0%,1
window companies,0,1,0%,1
window frame cleaning,0,1,0%,1
window gutter cleaning,0,1,0%,1
window installation,0,1,0%,1
window installation bellingham wa,0,1,0%,1
window repair,0,1,0%,1
window washers in area near me,0,1,0%,1
window washers in my area,0,1,0%,1
window washing cleaner,0,1,0%,1
window washing hayden,0,1,0%,1
windows gutters cleaning,0,1,0%,1
windshield cleaning near me,0,1,0%,1
best window washer,0,1,0%,2
best window washers near me residential,0,1,0%,2
car window washers,0,1,0%,2
clean safe products,0,1,0%,2
indoor window cleaning,0,1,0%,2
king's window services llc,0,1,0%,2
kings clean,0,1,0%,2
kings cleans,0,1,0%,2
kings of pressure power washing,0,1,0%,2
limpieza de ventanas profesional,0,1,0%,2
outdoor windows,0,1,0%,2
outside window washing,0,1,0%,2
outside windows,0,1,0%,2
professional window cleaning equipment,0,1,0%,2
residential window washers in my area,0,1,0%,2
solar panel.cleaning,0,1,0%,2
widnow cleaner,0,1,0%,2
windoe cleaner,0,1,0%,2
window ckeaning,0,1,0%,2
window cleaning equipment,0,1,0%,2
window cleaning for cars,0,1,0%,2
window cleaning near.me,0,1,0%,2
window cleaning suppliers,0,1,0%,2
window glass cleaners,0,1,0%,2
window maintenance,0,1,0%,2
window seal cleaning,0,1,0%,2
window washing prices near me,0,1,0%,2
window. cleaner,0,1,0%,2
wondow cleaner,0,1,0%,2
clean window cleaner,0,1,0%,3
cleaning for windows,0,1,0%,3
glass cleaners,0,1,0%,3
industrial window cleaner,0,1,0%,3
residential window washing,0,1,0%,3
top rated glass cleaner,0,1,0%,3
top rated window cleaner,0,1,0%,3
who should i call,0,1,0%,3
window blinds cleaning service near me,0,1,0%,3
window cleaning kit professional,0,1,0%,3
window screen cleaners,0,1,0%,3
window screen repair near me,0,1,0%,3
window screen repair near me now,0,1,0%,3
external window cleaner,0,1,0%,4
fix leaking windows,0,1,0%,4
kings roof,0,1,0%,4
review,0,1,0%,4
rowgins window cleaning,0,1,0%,4
solar panels cleaners near me,0,1,0%,4
window glass cleaner,0,1,0%,4
window washers near me prices,0,1,0%,4
window washing business,0,1,0%,4
windows clean,0,1,0%,4
apartment window washing,0,1,0%,5
auto window cleaning,0,1,0%,5
best solar panel cleaners near me,0,1,0%,5
best window cleaning supplies,0,1,0%,5
best window washing company,0,1,0%,5
cleaning new windows,0,1,0%,5
five star window cleaning,0,1,0%,5
gallery window cleaning,0,1,0%,5
glass clener,0,1,0%,5
grove window cleaner,0,1,0%,5
gutter king,0,1,0%,5
inurl:www.merchantcircle.com/safe-clean-pressure-washing-window-gutter-cleaning-issaquah-wa,0,1,0%,5
kings cleaning,0,1,0%,5
limpieza,0,1,0%,5
long reach window cleaner,0,1,0%,5
outside cleaner,0,1,0%,5
outside window cleaner,0,1,0%,5
servicio de limpieza de ventanas,0,1,0%,5
uv window film bellingham,0,1,0%,5
window cleaning estimate,0,1,0%,5
window cleaning machines,0,1,0%,5
window screen washing,0,1,0%,5
window washing solution,0,1,0%,5
best house window cleaner,0,1,0%,6
best window cleaner near me,0,1,0%,6
best window cleaners,0,1,0%,6
cleaning window screens,0,1,0%,6
kings cleaning services,0,1,0%,6
outdoor window washing,0,1,0%,6
solar panel washing near me,0,1,0%,6
solar panels cleaning,0,1,0%,6
solar wash near me,0,1,0%,6
the best window cleaner,0,1,0%,6
tinted window cleaner,0,1,0%,6
wash outside windows,0,1,0%,6
what about king of kings,0,1,0%,6
window cleaner for outside,0,1,0%,6
window cleaning holster,0,1,0%,6
window cleaning services commercial,0,1,0%,6
automatic window cleaner,0,1,0%,7
cleaning exterior windows,0,1,0%,7
cleaning solar panels,0,1,0%,7
downspout screen,0,1,0%,7
glass clenaer,0,1,0%,7
glasscleaner,0,1,0%,7
gutter cleaning company near me,0,1,0%,7
home window cleaning near me,0,1,0%,7
professional solar panel cleaning service,0,1,0%,7
solar cleaning service,0,1,0%,7
window and solar panel cleaning,0,1,0%,7
window cleaner for outside windows,0,1,0%,7
window cleaner near me prices,0,1,0%,7
window cleaning products,0,1,0%,7
window cleaning tools,0,1,0%,7
window companies near me,0,1,0%,7
window screens cleaner,0,1,0%,7
window tracks cleaner,0,1,0%,7
best exterior window cleaner,0,1,0%,8
best outdoor window cleaner,0,1,0%,8
cheap window washing near me,0,1,0%,8
cleaning solar panels near me,0,1,0%,8
driveway moss removal,0,1,0%,8
house window cleaner products,0,1,0%,8
kings roofing,0,1,0%,8
pressure wash driveway near me,0,1,0%,8
professional window blind cleaning near me,0,1,0%,8
solar panel cleaning cost near me,0,1,0%,8
solar panels cleaning service near me,0,1,0%,8
tall window cleaning pole,0,1,0%,8
window blinds cleaning service,0,1,0%,8
window cleaning companies in my area,0,1,0%,8
window cleaning near ne,0,1,0%,8
window cleaning pure water system,0,1,0%,8
window glass cleaning services,0,1,0%,8
window washing equipment for high windows,0,1,0%,8
automated window washer,0,1,0%,9
best home window cleaner,0,1,0%,9
best window cleaning company near me,0,1,0%,9
blaine moss control,0,1,0%,9
commercial window cleaning equipment,0,1,0%,9
full crystal window cleaner,0,1,0%,9
glass cleaning companies near me,0,1,0%,9
moss removal on roof near me,0,1,0%,9
pressure washer company near me,0,1,0%,9
pressure washing driveway near me,0,1,0%,9
professional solar panel cleaning equipment,0,1,0%,9
residential solar panel cleaning near me,0,1,0%,9
robo clean window cleaner,0,1,0%,9
superior window cleaning,0,1,0%,9
water fed pole window cleaning,0,1,0%,9
window cleaner from outside,0,1,0%,9
window cleaner newr me,0,1,0%,9
window cleaning bucket,0,1,0%,9
window cleaning service mount vernon wa,0,1,0%,9
window installers near me,0,1,0%,9
window screen cleaner,0,1,0%,9
window screening near me,0,1,0%,9
windows cleaning near me,0,1,0%,9
automatic window washer,0,1,0%,10
best remote window cleaner,0,1,0%,10
blind cleaning services near me,0,1,0%,10
cleaning service near me,0,1,0%,10
gutter clean,0,1,0%,10
gutter cleaner,0,1,0%,10
home window washing near me,0,1,0%,10
nextdoor window cleaning,0,1,0%,10
power wash driveway near me,0,1,0%,10
robot window cleaners,0,1,0%,10
solar panels cleaning service,0,1,0%,10
steam cleaner for window tracks,0,1,0%,10
window cleaner for tinted windows,0,1,0%,10
window cleaner nearby,0,1,0%,10
window cleaning and pressure washing near me,0,1,0%,10
window cleaning squeegee,0,1,0%,10
window replacement bellingham,0,1,0%,10
window washing near me prices,0,1,0%,10
#windowcleaning,0,1,0%,11
cost of solar panel cleaning near me,0,1,0%,11
elite window cleaning llc,0,1,0%,11
elite window washing,0,1,0%,11
house window washers near me,0,1,0%,11
king tide bellingham,0,1,0%,11
local window cleaners near me,0,1,0%,11
local window washing services,0,1,0%,11
michael window cleaning,0,1,0%,11
osmo window cleaner,0,1,0%,11
pressure cleaning companies near me,0,1,0%,11
roofing kings,0,1,0%,11
skylight cleaning service near me,0,1,0%,11
window blinds cleaning services near me,0,1,0%,11
window cleaning pole wcr,0,1,0%,11
window washing company,0,1,0%,11
window washing inspection,0,1,0%,11
window+cleaners,0,1,0%,11
auto window cleaner,0,1,0%,12
cleaning skylight windows,0,1,0%,12
kings window cleaners,0,1,0%,12
local window cleaners,0,1,0%,12
mobile window cleaning,0,1,0%,12
sparkle clean window cleaners,0,1,0%,12
sparkle window washing,0,1,0%,12
top rated window cleaning robots,0,1,0%,12
window and roof cleaning,0,1,0%,12
window cleaner service near me,0,1,0%,12
window cleaners near ne,0,1,0%,12
window cleaning businesses,0,1,0%,12
window cleaning businesses for sale,0,1,0%,12
window cleaning company cold creek,0,1,0%,12
window cleaning photo,0,1,0%,12
window cleaning truck,0,1,0%,12
window king reviews,0,1,0%,12
window shade cleaning near me,0,1,0%,12
window washing services near me prices,0,1,0%,12
window. cleaners near me,0,1,0%,12
clean outside,0,1,0%,13
clean windows outside,0,1,0%,13
cleaning marvin windows,0,1,0%,13
cleaning sliding glass windows,0,1,0%,13
exterior window cleaning solution,0,1,0%,13
justin's window cleaning,0,1,0%,13
king cleaners,0,1,0%,13
king roof anchor,0,1,0%,13
professional blind cleaning,0,1,0%,13
rojacks window cleaning,0,1,0%,13
sidelight window film bellingham,0,1,0%,13
vinyl window cleaner,0,1,0%,13
walnut pad window cleaning,0,1,0%,13
widow cleaning,0,1,0%,13
window cleaning at home,0,1,0%,13
window cleaning cold creek,0,1,0%,13
cleaning sliding glass doors,0,1,0%,14
homemade outdoor window cleaner,0,1,0%,14
perkins gutter cleaning,0,1,0%,14
window cleaning solution for outside,0,1,0%,14
window soak,0,1,0%,14
window washing cold creek,0,1,0%,14
window washing robot,0,1,0%,14
best solution for outdoor window cleaning,0,1,0%,15
power washing services near me,0,1,0%,15
window resealing near me,0,1,0%,15
window washing stuff,0,1,0%,15
cheap window cleaning,0,1,0%,16
solar panel cleaning reading,0,1,0%,16
window business near me,0,1,0%,16
window cleaning system,0,1,0%,16
best window cleaning kit,0,1,0%,17
garage cleaning service,0,1,0%,17
gutter cleaning perkins,0,1,0%,17
moss cleaning near me,0,1,0%,17
קינג קלין- king clean נוף הגליל תמונות,0,1,0%,17
window genie near me,0,1,0%,18
lynden moss control,0,1,0%,19
cleaning services bellingham,0,1,0%,20
gutter brightening,0,1,0%,21
gutter cleaning burlington,0,1,0%,21
gutter cleaning mount vernon,0,1,0%,21
house washer,0,1,0%,21
san diego window cleaning,0,1,0%,21
window cleaning near me liberty lake,0,1,0%,21
windows and shutters in bellingham,0,1,0%,21
• deep cleaning bellingham,0,1,0%,21
• eco-friendly cleaning bellingham,0,1,0%,21
window king llc reviews,0,1,0%,23
"gutter & roof cleaning kingvale, ca",0,1,0%,25
window screening,0,1,0%,28